movie_id,title,tags
443791,Underwater,"After an earthquake destroys their underwater station, six researchers must navigate two miles along the dangerous, unknown depths of the ocean floor to make it to safety in a race against time. Horror Science Fiction Action Adventure KristenStewart VincentCassel MamoudouAthie T.J.Miller JohnGallagherJr. WilliamEubank"
526019,Like a Boss,"Two female friends with very different ideals decide to start a beauty company together. One is more practical, while the other wants to earn her fortune and live a lavish lifestyle. Comedy TiffanyHaddish RoseByrne SalmaHayekPinault KaranSoni JacobLatimore MiguelArteta"
527534,The Murder of Nicole Brown Simpson,"In 1994 Nicole Brown Simpson and her friend Ronald Goldman were brutally murdered in her Los Angeles home by whom most believe to be O.J Simpson. But what role did Glen Rogers, also known as the Casanova Killer play in their death? Thriller Drama Crime MenaSuvari NickStahl TarynManning AgnesBruckner CCKing DanielFarrands"
662844,Angels Fallen,"After the tragic loss of his wife battling the forces of darkness, Gabriel is persuaded to rejoin his former team of demon hunters traveling from relatively obscurity in America to the deep unknown regions of Europe. He is joined by his estranged best friend Michael who harbors a dark secret, the mystical Hannah whose visions predict the future, and a motley crew of demon slayers. After losing part of his team Gabriel must confront his tragic past and decide who really is friend or foe. Horror Fantasy Action HoustonRhines MichaelTeh NicolaPosener LiJing MichaelMadsen AliZamani"
38700,Bad Boys for Life,"Marcus and Mike are forced to confront new threats, career changes, and midlife crises as they join the newly created elite team AMMO of the Miami police department to take down the ruthless Armando Armas, the vicious leader of a Miami drug cartel. Thriller Action Crime WillSmith MartinLawrence PaolaNuñez VanessaHudgens AlexanderLudwig AdilElArbi BilallFallah"
448119,Dolittle,"After losing his wife seven years earlier, the eccentric Dr. John Dolittle, famed doctor and veterinarian of Queen Victoria’s England, hermits himself away behind the high walls of Dolittle Manor with only his menagerie of exotic animals for company. But when the young queen falls gravely ill, a reluctant Dolittle is forced to set sail on an epic adventure to a mythical island in search of a cure, regaining his wit and courage as he crosses old adversaries and discovers wondrous creatures. Family Comedy Fantasy Adventure RobertDowneyJr. AntonioBanderas MichaelSheen JimBroadbent JessieBuckley StephenGaghan"
651070,A Fall from Grace,"When a law-abiding woman gets indicted for murdering her husband, her lawyer soon realizes that a larger conspiracy may be at work. Drama Thriller Mystery CrystalFox PhyliciaRashād BreshaWebb MehcadBrooks CicelyTyson TylerPerry"
522627,The Gentlemen,"American expat Mickey Pearson has built a highly profitable marijuana empire in London. When word gets out that he’s looking to cash out of the business forever it triggers plots, schemes, bribery and blackmail in an attempt to steal his domain out from under him. Action Crime Comedy MatthewMcConaughey CharlieHunnam HenryGolding MichelleDockery JeremyStrong GuyRitchie"
492611,The Turning,"A young woman quits her teaching job to be a private tutor for two wealthy young kids, but soon starts to suspect there’s more to their house than what meets the eye. Horror Thriller MackenzieDavis FinnWolfhard BrooklynnPrince MarkHuberman NiallGreigFulton FloriaSigismondi"
442065,The Last Full Measure,"The incredible true story of Vietnam War hero William H. Pitsenbarger, a U.S. Air Force Pararescuemen medic who personally saved over sixty men. Thirty-two years later, Pentagon staffer Scott Huffman investigates a Congressional Medal of Honor request for Pitsenbarger and uncovers a high-level conspiracy behind the decades-long denial of the medal, prompting Huffman to put his own career on the line to seek justice for the fallen airman. Drama Action War SebastianStan ChristopherPlummer WilliamHurt EdHarris SamuelL.Jackson ToddRobinson"
658199,John Henry,"Ex-gang member John Henry is a quiet man with a violent past. When two immigrant kids on the run from his former South Los Angeles gang leader stumble into his life, John is forced to reconcile with his past in order to try and give them a future. Drama Thriller TerryCrews Ludacris MaestroHarrell KimberlyHebertGregory KenForee WillForbes"
466622,The Rhythm Section,"When she discovers the plane crash that claimed the lives of her family was no accident, Stephanie Patrick enters the dark, complex world of international espionage seeking vengeance. With nothing left to lose, Stephanie transforms from victim to assassin and discovers that neither revenge nor the truth are what they appear. Action Thriller BlakeLively JudeLaw SterlingK.Brown IvanaBasic NasserMemarzia ReedMorano"
542224,Gretel & Hansel,"A long time ago in a distant fairy tale countryside, a young girl leads her little brother into a dark wood in desperate search of food and work, only to stumble upon a nexus of terrifying evil. Fantasy Horror Mystery SophiaLillis SamuelLeakey AliceKrige JessicaDeGouw CharlesBabalola OzPerkins"
627463,The Assistant,"A searing look at a day in the life of an assistant to a powerful executive. As Jane follows her daily routine, she grows increasingly aware of the insidious abuse that threatens every aspect of her position. Drama JuliaGarner MatthewMacfadyen MakenzieLeigh KristineFroseth JonnyOrsini KittyGreen"
495764,Birds of Prey (and the Fantabulous Emancipation of One Harley Quinn),"Harley Quinn joins forces with a singer, an assassin and a police detective to help a young girl who had a hit placed on her after she stole a rare diamond from a crime lord. Action Crime MargotRobbie EwanMcGregor MaryElizabethWinstead JurneeSmollett RosiePerez CathyYan"
474764,The Lodge,"When a father is forced to abruptly depart for work, he leaves his children, Aidan and Mia, at their holiday home in the care of his new girlfriend, Grace. Isolated and alone, a blizzard traps them inside the lodge as terrifying events summon specters from Grace's dark past. Drama Horror Thriller RileyKeough JaedenMartell LiaMcHugh RichardArmitage AliciaSilverstone VeronikaFranz SeverinFiala"
550440,Timmy Failure: Mistakes Were Made,"An 11-year old boy believes that he is the best detective in town and runs the agency Total Failures with his best friend, an imaginary 1,200 pound polar bear. Family Mystery Comedy Fantasy WinslowFegley OpheliaLovibond WallaceShawn CraigRobinson KyleBornheimer TomMcCarthy"
653601,Horse Girl,"A socially awkward woman with a fondness for arts and crafts, horses, and supernatural crime shows finds her increasingly lucid dreams trickling into her waking life. Drama AlisonBrie DebbyRyan JohnReynolds MollyShannon JohnOrtiz JeffBaena"
565426,To All the Boys: P.S. I Still Love You,Lara Jean and Peter have just taken their romance from pretend to officially real when another recipient of one of her love letters enters the picture. Romance Comedy LanaCondor NoahCentineo JordanFisher AnnaCathcart JohnCorbett MichaelFimognari
454626,Sonic the Hedgehog,"Powered with incredible speed, Sonic The Hedgehog embraces his new home on Earth. That is, until Sonic sparks the attention of super-uncool evil genius Dr. Robotnik. Now it’s super-villain vs. super-sonic in an all-out race across the globe to stop Robotnik from using Sonic’s unique power for world domination. Action Science Fiction Comedy Family BenSchwartz JamesMarsden TikaSumpter JimCarrey NatashaRothwell JeffFowler"
539537,Fantasy Island,"A group of contest winners arrive at an island hotel to live out their dreams, only to find themselves trapped in nightmare scenarios. Horror Fantasy Adventure Mystery MichaelPeña MaggieQ LucyHale MichaelRooker AustinStowell JeffWadlow"
589049,The Photograph,"When famed photographer Christina Eames dies unexpectedly, she leaves her estranged daughter, Mae, hurt, angry and full of questions. When Mae finds a photograph tucked away in a safe-deposit box, she soon finds herself delving into her mother's early life -- an investigation that leads to an unexpected romance with a rising journalist. Drama Romance IssaRae LaKeithStanfield ChantéAdams Y'lanNoel KelvinHarrisonJr. StellaMeghie"
560391,Downhill,"Barely escaping an avalanche during a family ski vacation in the Alps, a married couple is thrown into disarray as they are forced to reevaluate their lives and how they feel about each other. Drama Comedy JuliaLouis-Dreyfus WillFerrell ZachWoods ZoeChao MirandaOtto NatFaxon JimRash"
663255,Spy Intervention,"When the world's greatest spy meets the woman of his dreams, he abandons his adventurous existence and settles into the security of suburbia. Action Adventure Comedy PoppyDelevingne DrewVanAcker DaveSheridan BlakeAnderson BrittanyFurlan DrewMylrea"
481848,The Call of the Wild,"Buck is a big-hearted dog whose blissful domestic life is turned upside down when he is suddenly uprooted from his California home and transplanted to the exotic wilds of the Yukon during the Gold Rush of the 1890s. As the newest rookie on a mail delivery dog sled team—and later its leader—Buck experiences the adventure of a lifetime, ultimately finding his true place in the world and becoming his own master. Adventure Family Drama HarrisonFord DanStevens ColinWoodell KarenGillan OmarSy ChrisSanders"
556678,Emma.,"In 1800s England, a well-meaning but selfish young woman meddles in the love lives of her friends. Comedy Romance AnyaTaylor-Joy JohnnyFlynn JoshO'Connor CallumTurner MiaGoth AutumndeWilde"
505225,The Last Thing He Wanted,"At the turning point of the Iran-Contra affair, Elena McMahon, a fearless investigative journalist covering the 1984 US presidential campaign, puts herself in danger when she abandons her assigned task in order to fulfill the last wish of her ailing father, a mysterious man whose past activities she barely knows. Drama Thriller AnneHathaway BenAffleck RosiePerez WillemDafoe EdiGathegi DeeRees"
555974,Brahms: The Boy II,"After a family moves into the Heelshire Mansion, their young son soon makes friends with a life-like doll called Brahms. Horror Mystery Thriller KatieHolmes ChristopherConvery OwainYeoman RalphIneson AnjaliJay WilliamBrentBell"
526007,The Night Clerk,"Hotel night clerk Bart Bromley is a highly intelligent young man on the Autism spectrum. When a woman is murdered during his shift, Bart becomes the prime suspect. As the police investigation closes in, Bart makes a personal connection with a beautiful guest named Andrea, but soon realises he must stop the real murderer before she becomes the next victim. Thriller Crime Drama TyeSheridan AnadeArmas HelenHunt JohnLeguizamo JohnathonSchaech MichaelCristofer"
566927,Impractical Jokers: The Movie,The story of a humiliating high school mishap from 1992 that sends the Impractical Jokers on the road competing in hidden-camera challenges for the chance to turn back the clock and redeem three of the four Jokers. Comedy PaulaAbdul JoeGatto JamesMurray BrianQuinn SalVulcano ChrisHenchy
570670,The Invisible Man,"When Cecilia's abusive ex takes his own life and leaves her his fortune, she suspects his death was a hoax. As a series of coincidences turn lethal, Cecilia works to prove that she is being hunted by someone nobody can see. Thriller Science Fiction Horror ElisabethMoss AldisHodge StormReid MichaelDorman HarrietDyer LeighWhannell"
342470,All the Bright Places,Two teens facing personal struggles form a powerful bond as they embark on a cathartic journey chronicling the wonders of Indiana. Romance Drama ElleFanning JusticeSmith AlexandraShipp KelliO'Hara LamarJohnson BrettHaley
399363,Wendy,"A re-imagining of ""Peter Pan"" from the point of view of Wendy Darling, who finds herself lost on a mysterious island where aging and time have come unglued. She must fight to save her family, her freedom and the joyous spirit of youth. Drama Fantasy DevinFrance ShayWalker TommieLynnMilazzo GageNaquin YashuaMack BenhZeitlin"
457335,Guns Akimbo,"An ordinary guy suddenly finds himself forced to fight a gladiator-like battle for a dark website that streams the violence for viewers. In order to survive and rescue his kidnapped ex-girlfriend, he must battle Nix, a heavily armed and much more experienced fighter. Action Comedy DanielRadcliffe SamaraWeaving NatashaLiuBordizzo NedDennehy RhysDarby JasonLeiHowden"
508439,Onward,"In a suburban fantasy world, two teenage elf brothers embark on an extraordinary quest to discover if there is still a little magic left out there. Family Animation Adventure Comedy Fantasy TomHolland ChrisPratt JuliaLouis-Dreyfus OctaviaSpencer MelRodriguez DanScanlon"
529485,The Way Back,"A former basketball all-star, who has lost his wife and family foundation in a struggle with addiction, attempts to regain his soul and salvation by becoming the coach of a disparate ethnically mixed high school basketball team at his alma mater. Drama BenAffleck AlMadrigal MichaelaWatkins JaninaGavankar GlynnTurman GavinO'Connor"
581600,Spenser Confidential,"Spenser, a former Boston patrolman who just got out from prison, teams up with Hawk, an aspiring fighter, to unravel the truth behind the death of two police officers. Comedy Action Thriller MarkWahlberg WinstonDuke AlanArkin IlizaShlesinger MichaelGaston PeterBerg"
627725,The Banker,"In the 1960s, two entrepreneurs hatch an ingenious business plan to fight for housing integration—and equal access to the American Dream. Drama AnthonyMackie SamuelL.Jackson NicholasHoult NiaLong JessieT.Usher GeorgeNolfi"
566872,The Burnt Orange Heresy,"Hired to steal a rare painting from one of the most enigmatic painters of all time, an ambitious art dealer becomes consumed by his own greed and insecurity as the operation spins out of control. Mystery Thriller Crime ClaesBang ElizabethDebicki MickJagger DonaldSutherland RosalindHalstead GiuseppeCapotondi"
586461,Swallow,"Hunter, a newly pregnant housewife, finds herself increasingly compelled to consume dangerous objects. As her husband and his family tighten their control over her life, she must confront the dark secret behind her new obsession. Drama Thriller Horror HaleyBennett AustinStowell ElizabethMarvel DavidRasche DenisO'Hare CarloMirabella-Davis"
766267,First Cow: A Place in This World,Behind the scenes of the creation of Kelly Reichardt's First Cow (2019). Documentary KellyReichardt JonathanRaymond ChristopherBlauvelt JohnMagaro OrionLee JonathanMefford
338762,Bloodshot,"After he and his wife are murdered, marine Ray Garrison is resurrected by a team of scientists. Enhanced with nanotechnology, he becomes a superhuman, biotech killing machine—'Bloodshot'. As Ray first trains with fellow super-soldiers, he cannot recall anything from his former life. But when his memories flood back and he remembers the man that killed both him and his wife, he breaks out of the facility to get revenge, only to discover that there's more to the conspiracy than he thought. Action Science Fiction Adventure VinDiesel EizaGonzález SamHeughan TobyKebbell TalulahRiley DaveWilson"
514847,The Hunt,"Twelve strangers wake up in a clearing. They don't know where they are—or how they got there. In the shadow of a dark internet conspiracy theory, ruthless elitists gather at a remote location to hunt humans for sport. But their master plan is about to be derailed when one of the hunted turns the tables on her pursuers. Action Thriller Horror BettyGilpin HilarySwank EthanSuplee TeriWyble IkeBarinholtz CraigZobel"
585244,I Still Believe,The true-life story of Christian music star Jeremy Camp and his journey of love and loss that looks to prove there is always hope. Music Drama Romance K.J.Apa BrittRobertson NathanParsons GarySinise ShaniaTwain JonErwin AndrewErwin
567970,Lost Girls,"When Mari Gilbert's daughter disappears, police inaction drives her own investigation into the gated Long Island community where Shannan was last seen. Her search brings attention to over a dozen murdered prostitutes. Drama Mystery Thriller History AmyRyan ThomasinMcKenzie LolaKirke GabrielByrne OonaLaurence LizGarbus"
382748,Stargirl,"Leo Borlock is an average student at Mica High School. He gets decent grades, is a member of the school's marching band and has always been content flying under the radar. But all that changes when he meets Stargirl Caraway, a confident and colorful new student with a penchant for the ukulele, who stands out in a crowd. She is kind, finds magic in the mundane and touches the lives of others with the simplest of gestures. Her eccentricities and infectious personality charm Leo and the student body, and she quickly goes from being ignored and ridiculed to accepted and praised, then back again, sending Leo on a rollercoaster ride of emotions. Comedy Drama Romance Family GraceVanderWaal GrahamVerchere KaranBrar MaximilianoHernández DarbyStanchfield JuliaHart"
567714,The Roads Not Taken,"The film follows 24 hours in the life of father and daughter Leo and Molly, as they weave their way around New York City, until their ordinary but stressful day takes on a hallucinatory and epic quality. Drama JavierBardem ElleFanning SalmaHayekPinault LauraLinney BrankaKatić SallyPotter"
595671,Never Rarely Sometimes Always,A pair of teenage girls in rural Pennsylvania travel to New York City to seek out medical help after an unintended pregnancy. Drama SidneyFlanigan TaliaRyder ThéodorePellerin RyanEggold SharonVanEtten ElizaHittman
539617,Big Time Adolescence,"A seemingly bright and mostly innocent 16-year-old named Mo attempts to navigate high school under the guidance of his best friend Zeke, an unmotivated-yet-charismatic college dropout. Although Zeke genuinely cares about Mo, things start to go awry as he teaches Mo nontraditional life lessons in drug dealing, partying, and dating. Meanwhile, Mo’s well-meaning dad tries to step in and take back the reins of his son’s upbringing. Comedy GriffinGluck PeteDavidson JonCryer SydneySweeney EmilyArlook JasonOrley"
535987,Lost Transmissions,"When an acclaimed music producer goes off his medication for schizophrenia, his friends chase him though the LA music scene to help commit him to a psychiatric hospital, revealing the troubling inadequacies of the mental health care system. Drama JunoTemple SimonPegg RebeccaHazlewood DaisyBishop JamieHarris KatharineO'Brien"
491926,Resistance,The story of mime Marcel Marceau as he works with a group of Jewish boy scouts and the French Resistance to save the lives of ten thousand orphans during World War II. War History Drama JesseEisenberg EdHarris ClémencePoésy MatthiasSchweighöfer BellaRamsey JonathanJakubowicz
660609,Uncorked,Elijah must balance his dream of becoming a master sommelier with his father's expectations that he carry on the family's Memphis BBQ joint. Drama Comedy MamoudouAthie CourtneyB.Vance NiecyNash MattMcGorry SashaCompère PrenticePenny
615177,Coffee & Kareem,A Detroit cop reluctantly teams with his girlfriend's 11-year-old son to clear his name and take down the city's most ruthless criminal. Comedy Action Crime EdHelms TarajiP.Henson TerrenceLittleGardenhigh BettyGilpin RonReacoLee MichaelDowse
446893,Trolls World Tour,"Queen Poppy and Branch make a surprising discovery — there are other Troll worlds beyond their own, and their distinct differences create big clashes between these various tribes. When a mysterious threat puts all of the Trolls across the land in danger, Poppy, Branch, and their band of friends must embark on an epic quest to create harmony among the feuding Trolls to unite them against certain doom. Family Animation Comedy Fantasy Adventure Music AnnaKendrick JustinTimberlake RonFunches RachelBloom JamesCorden WaltDohrn"
624808,Love Wedding Repeat,"While trying to make his sister's wedding day go smoothly, Jack finds himself juggling an angry ex-girlfriend, an uninvited guest with a secret, a misplaced sleep sedative, and the girl that got away in alternate versions of the same day. Comedy Romance SamClaflin OliviaMunn EleanorTomlinson FreidaPinto JoelFry DeanCraig"
637157,The Main Event,"After discovering a magical mask, an 11-year-old aspiring wrestler enters a competition to become the next WWE superstar by using special powers from a magical mask. Family Comedy SethCarr TichinaArnold AdamPally KenMarino MikeMizanin JayKaras"
546724,We Summon the Darkness,Three best friends attending a heavy-metal show cross paths with sadistic killers after they travel to a secluded country home for an after party. Horror Thriller AlexandraDaddario KeeanJohnson LoganMiller AmyForsyth AustinSwift MarcMeyers
686142,The Lost Husband,"Trying to put her life back together after the death of her husband, Libby and her children move to her estranged Aunt's goat farm in central Texas. Drama Romance LeslieBibb JoshDuhamel NoraDunn HerizenF.Guardiola KevinAlejandro VickyWight"
684420,Corona Zombies,"Ditsy damsels in distress, toilet paper famine, inept world leaders, mass-media gone wild, a virus from Hell and hordes of ghouls hungry for human flesh combine in Full Moon's maniacal horror comedy hybrid CORONA ZOMBIES! Horror Comedy CodyReneeCameron RobinSydney RussellCoker FrancoGarofalo MargitEvelynNewton CharlesBand"
653744,Sergio,"A sweeping drama set in the chaotic aftermath of the US invasion of Iraq, where the life of top UN diplomat Brazilian Sérgio Vieira de Mello hangs in the balance during the most treacherous mission of his career. Drama WagnerMoura AnadeArmas GarretDillahunt WillDalton BradleyWhitford GregBarker"
560044,The Willoughbys,"When the four Willoughby children are abandoned by their selfish parents, they must learn how to adapt their Old-Fashioned values to the contemporary world in order to create something new: The Modern Family. Animation Comedy Family WillForte MayaRudolph AlessiaCara TerryCrews MartinShort KrisPearn"
545609,Extraction,"Tyler Rake, a fearless mercenary who offers his services on the black market, embarks on a dangerous mission when he is hired to rescue the kidnapped son of a Mumbai crime lord. Action Thriller ChrisHemsworth RudhrakshJaiswal RandeepHooda GolshiftehFarahani PankajTripathi SamHargrave"
689723,Dangerous Lies,"After losing her waitressing job, Katie Franklin takes a job as a caretaker to a wealthy elderly man in his sprawling, empty Chicago estate. The two grow close, but when he unexpectedly passes away and names Katie as his sole heir, she and her husband Adam are pulled into a complex web of lies, deception, and murder. If she's going to survive, Katie will have to question everyone's motives — even the people she loves. Thriller CamilaMendes JessieT.Usher JamieChung CamGigandet SashaAlexander MichaelM.Scott"
530956,All Day and a Night,"While serving life in prison, a young man looks back at the people, the circumstances and the system that set him on the path toward his crime. Drama AshtonSanders JeffreyWright IsaiahJohn KellyJenrette ShakiraJa'naiPaye JoeRobertCole"
605804,The Wretched,"A rebellious teenage boy, struggling with his parent's imminent divorce, encounters a terrifying evil after his next-door neighbor becomes possessed by an ancient witch that feasts on children. Horror Mystery Thriller John-PaulHoward PiperCurda JamisonJones AzieTesfai KevinBigley DrewT.Pierce BrettPierce"
597219,The Half of It,"Shy, straight-A student Ellie is hired by sweet but inarticulate jock Paul, who needs help wooing the most popular girl in school. But their new and unlikely friendship gets tricky when Ellie discovers she has feelings for the same girl. Comedy Romance Drama LeahLewis DanielDiemer AlexxisLemire EnriqueMurciano WolfgangNovogratz AliceWu"
560204,Arkansas,"Kyle and Swin live by the orders of an Arkansas-based drug kingpin named Frog, whom they've never met. But when a deal goes horribly wrong, the consequences are deadly. Crime Thriller LiamHemsworth ClarkDuke VinceVaughn JohnMalkovich EdenBrolin ClarkDuke"
482273,Valley Girl,"Set to a new wave '80s soundtrack, a pair of young lovers from different backgrounds defy their parents and friends to stay together. Comedy Romance JessicaRothe JoshWhitehouse JessieEnnis AshleighMurray ChloeBennet RachelLeeGoldenberg"
429422,Capone,"The 47-year old Al Capone, after 10 years in prison, starts suffering from dementia and comes to be haunted by his violent past. Crime Drama TomHardy LindaCardellini MattDillon KyleMacLachlan KathrineNarducci JoshTrank"
582596,The Wrong Missy,"A guy meets the woman of his dreams and invites her to his company's corporate retreat, but realizes he sent the invite to the wrong person. Comedy Romance DavidSpade LaurenLapkus NickSwardson GeoffPierson JackieSandler TylerSpindel"
385103,Scoob!,"In Scooby-Doo’s greatest adventure yet, see the never-before told story of how lifelong friends Scooby and Shaggy first met and how they joined forces with young detectives Fred, Velma, and Daphne to form the famous Mystery Inc. Now, with hundreds of cases solved, Scooby and the gang face their biggest, toughest mystery ever: an evil plot to unleash the ghost dog Cerberus upon the world. As they race to stop this global “dogpocalypse,” the gang discovers that Scooby has a secret legacy and an epic destiny greater than anyone ever imagined. Animation Comedy Family Mystery AmandaSeyfried ChristinaHendricks FrankWelker MckennaGrace GinaRodriguez TonyCervone"
693158,Proximity,A young NASA JPL scientist is abducted by extraterrestrials but when no one believes his story he becomes obsessed with finding proof which leads him on a journey of discovery. Science Fiction Drama RyanMasson HighdeeKuan ChristianPrentice NomiAbadi DonScribner EricDemeusy
691812,Blood and Money,A retired veteran hunting in the Allagash backcountry of Maine discovers a dead woman with a duffle bag full of money. He soon finds himself in a web of deceit and murder. Thriller Crime Drama Action TomBerenger KristenHager PaulBen-Victor MarkSivertsen EricaMcDermott JohnBarr
513268,Body Cam,"As a police officer investigates the gruesome murder of her colleague, she discovers that a mysterious supernatural force is behind it. Horror Thriller Mystery MaryJ.Blige NatWolff DavidZayas AnikaNoniRose DavidWarshofsky MalikVitthal"
576156,The Lovebirds,"A couple experiences a defining moment in their relationship when they are unintentionally embroiled in a murder mystery. As their journey to clear their names takes them from one extreme – and hilarious - circumstance to the next, they must figure out how they, and their relationship, can survive the night. Comedy Action Romance IssaRae KumailNanjiani PaulSparks AnnaCamp NicholasX.Parsons MichaelShowalter"
602147,Inheritance,"The patriarch of a wealthy and powerful family suddenly passes away, leaving his wife and daughter with a shocking secret inheritance that threatens to unravel and destroy their lives. Drama Mystery Thriller LilyCollins SimonPegg ConnieNielsen ChaceCrawford PatrickWarburton VaughnStein"
686245,Survive the Night,"A disgraced doctor and his family are held hostage at their home by criminals on the run, when a robbery-gone-awry requires them to seek immediate medical attention. Action Thriller ChadMichaelMurray BruceWillis LydiaHull TylerJonOlson SheaBuckner MattEskandari"
606679,The High Note,"Set in the dazzling world of the LA music scene comes the story of Grace Davis, a superstar whose talent, and ego, have reached unbelievable heights. Maggie is Grace’s overworked personal assistant who’s stuck running errands, but still aspires to her childhood dream of becoming a music producer. When Grace’s manager presents her with a choice that could alter the course of her career, Maggie and Grace come up with a plan that could change their lives forever. Romance Comedy Music Drama DakotaJohnson TraceeEllisRoss KelvinHarrisonJr. BillPullman ZoeChao NishaGanatra"
547017,Shirley,A famous horror writer finds inspiration for her next book after she and her husband take in a young couple. Drama Thriller Mystery ElisabethMoss OdessaYoung MichaelStuhlbarg LoganLerman VictoriaPedretti JosephineDecker
339095,The Last Days of American Crime,"In the not-too-distant future, as a final response to crime and terrorism, the U.S. government plans to broadcast a signal that will make it impossible for anyone to knowingly break the law. Action Crime Thriller EdgarRamírez MichaelPitt AnnaBrewster SharltoCopley TamerBurjaq OlivierMegaton"
601844,Becky,A teenager's weekend at a lake house with her father takes a turn for the worse when a group of convicts wreaks havoc on their lives. Thriller Horror Action LuluWilson KevinJames JoelMcHale RobertMaillet AmandaBrugel CaryMurnion JonathanMilott
711696,Mighty Oak,"Gina Jackson's life is shattered when her brother and lead vocalist of the band Army of Love, Vaughn, is killed in a tragic accident. Ten years later, young guitar prodigy Oak Scoggins enters her orbit, and she becomes convinced that this young man is the reincarnation of Vaughn. But is he? Comedy Drama JanelParrish AlexaPenaVega CarlosPenaVega TommyRagen LeviDylan SeanMcNamara"
513584,Think Like a Dog,"A 12-year-old tech prodigy, whose science experiment goes awry, forges a telepathic connection with his best friend, Henry-his dog! The duo join forces and use their unique perspectives on life to comically overcome complications of family and school. Family Comedy Drama GabrielBateman ToddStashwick JoshDuhamel MeganFox KunalNayyar GilJunger"
581859,Da 5 Bloods,Four African-American Vietnam veterans return to Vietnam. They are in search of the remains of their fallen squad leader and the promise of buried treasure. These heroes battle forces of humanity and nature while confronted by the lasting ravages of the immorality of the Vietnam War. War Drama DelroyLindo JonathanMajors ClarkePeters NormLewis IsiahWhitlockJr. SpikeLee
475430,Artemis Fowl,Artemis Fowl is a 12-year-old genius and descendant of a long line of criminal masterminds. He soon finds himself in an epic battle against a race of powerful underground fairies who may be behind his father's disappearance. Adventure Fantasy Science Fiction Family Action FerdiaShaw ColinFarrell LaraMcDonnell JoshGad TamaraSmart KennethBranagh
579583,The King of Staten Island,"Scott has been a case of arrested development ever since his firefighter father died when he was seven. He's now reached his mid-20s having achieved little, chasing a dream of becoming a tattoo artist that seems far out of reach. As his ambitious younger sister heads off to college, Scott is still living with his exhausted ER nurse mother and spends his days smoking weed, hanging with the guys — Oscar, Igor and Richie — and secretly hooking up with his childhood friend Kelsey. But when his mother starts dating a loudmouth firefighter named Ray, it sets off a chain of events that will force Scott to grapple with his grief and take his first tentative steps toward moving forward in life. Comedy Drama PeteDavidson MarisaTomei BillBurr BelPowley MaudeApatow JuddApatow"
702936,Sniper: Assassin's End,"Special Ops sniper Brandon Beckett is set up as the primary suspect for the murder of a foreign dignitary on the eve of signing a high-profile trade agreement with the United States. Narrowly escaping death, Beckett realizes that there may be a dark operative working within the government, and partners with the only person whom he can trust: his father, legendary sniper Sgt. Thomas Beckett. Both Becketts are on the run from the CIA, Russian mercenaries, and a yakuza-trained assassin with sniper skills that rival both legendary sharpshooters. Action ChadMichaelCollins SayakaAkimoto RyanRobbins LochlynMunro EmilyTennant KaareAndrews"
514593,You Should Have Left,"In an effort to repair their relationship, a couple books a vacation in the countryside for themselves and their daughter. What starts as a perfect retreat begins to fall apart as one loses their grip on reality, and a sinister force tries to tear them apart. Horror Thriller KevinBacon AmandaSeyfried AveryTiiuEssex ColinBlumenau LowriAnnRichards DavidKoepp"
451184,Wasp Network,"Havana, Cuba, 1990. René González, an airplane pilot, unexpectedly flees the country, leaving behind his wife Olga and his daughter Irma, and begins a new life in Miami, where he becomes a member of an anti-Castro organization. Drama History Thriller PenélopeCruz EdgarRamírez GaelGarcíaBernal AnadeArmas WagnerMoura OlivierAssayas"
707886,Feel the Beat,"After failing to make it on Broadway, April returns to her hometown and reluctantly begins training a misfit group of young dancers for a competition. Comedy Music Drama SofiaCarson WolfgangNovogratz DonnaLynneChamplin EnricoColantoni DennisAndres ElissaDown"
684700,Athlete A,Follow the Indianapolis Star reporters that broke the story about USA Gymnastics doctor Larry Nassar's abuse and hear from gymnasts. Documentary MaggieNichols JamieDantzscher MarkAlesia RachaelDenhollander GézaPoszar JonShenk BonniCohen
531454,Eurovision Song Contest: The Story of Fire Saga,"Two small-town aspiring musicians chase their pop star dreams at a global music competition, where high stakes, scheming rivals and onstage mishaps test their bond. Comedy Music RachelMcAdams WillFerrell PierceBrosnan DanStevens JamieDemetriou DavidDobkin"
595148,Irresistible,"A Democratic political consultant helps a retired Marine colonel run for mayor in a small, conservative Wisconsin town. Comedy Drama SteveCarell RoseByrne ChrisCooper BrentSexton MackenzieDavis JonStewart"
592834,My Spy,"A hardened CIA operative finds himself at the mercy of a precocious 9-year-old girl, having been sent undercover to surveil her family. Family Action Comedy DaveBautista ChloeColeman ParisaFitz-Henley KristenSchaal GregBryk PeterSegal"
677638,We Bare Bears: The Movie,"When Grizz, Panda, and Ice Bear's love of food trucks and viral videos get out of hand, the brothers are now chased away from their home and embark on a trip to Canada, where they can live in peace. Animation Adventure Family Comedy TV Movie EricEdelstein BobbyMoynihan DemetriMartin MarcEvanJackson KeithFerguson DanielChong"
556574,Hamilton,"Presenting the tale of American founding father Alexander Hamilton, this filmed version of the original Broadway smash hit is the story of America then, told by America now. History Drama Lin-ManuelMiranda LeslieOdomJr. RenéeEliseGoldsberry PhillipaSoo DaveedDiggs ThomasKail"
539181,Relic,"When Edna—the elderly and widowed matriarch of the family—goes missing, her daughter and granddaughter travel to their remote family home to find her. Soon after her return, they start to discover a sinister presence haunting the house and taking control of Edna. Horror Drama Mystery Thriller EmilyMortimer BellaHeathcote RobynNevin ChrisBunton SteveRodgers NatalieErikaJames"
706510,Desperados,"A panicked young woman and her two best friends fly to Mexico to delete a ranting email she sent to her new boyfriend. On arrival, they run into her former beau, who soon gets caught up in their frantic scheme. Comedy Romance NasimPedrad AnnaCamp LamorneMorris SarahBurns RobbieAmell LP"
547016,The Old Guard,Four undying warriors who've secretly protected humanity for centuries become targeted for their mysterious powers just as they discover a new immortal. Action Fantasy CharlizeTheron KiKiLayne MatthiasSchoenaerts MarwanKenzari LucaMarinelli GinaPrince-Bythewood
694919,Money Plane,A professional thief with $40 million in debt and his family's life on the line must commit one final heist - rob a futuristic airborne casino filled with the world's most dangerous criminals. Action Crime Thriller AdamCopeland KelseyGrammer ThomasJane DeniseRichards KatrinaNorman AndrewLawrence
516486,Greyhound,"A first-time captain leads a convoy of allied ships carrying thousands of soldiers across the treacherous waters of the “Black Pit” to the front lines of WW2. With no air cover protection for 5 days, the captain and his convoy must battle the surrounding enemy Nazi U-boats in order to give the allies a chance to win the war. War Action Drama TomHanks StephenGraham RobMorgan JoshWiggins TomBrittney AaronSchneider"
587792,Palm Springs,"When carefree Nyles and reluctant maid of honor Sarah have a chance encounter at a Palm Springs wedding, things get complicated when they find themselves unable to escape the venue, themselves, or each other. Comedy Romance Science Fiction AndySamberg CristinMilioti J.K.Simmons PeterGallagher MeredithHagner MaxBarbakow"
714375,Fatal Affair,"Ellie tries to mend her marriage with her husband Marcus after a brief encounter with an old friend, David, only to find that David is more dangerous and unstable than she'd realized. Thriller NiaLong StephenBishop OmarEpps AubreyCleland MayaStojan PeterSullivan"
603119,The Silencing,A reformed hunter becomes involved in a deadly game of cat and mouse when he and the local sheriff set out to track a vicious killer who may have kidnapped his daughter years ago. Thriller Action NikolajCoster-Waldau AnnabelleWallis ZahnMcClarnon MelanieScrofano HeroFiennesTiffin RobinPront
718840,A Nice Girl Like You,"Lucy Neal is thrown for a loop when she is accused of being too inhibited by her ex-boyfriend. In an effort to prove him wrong, Lucy creates a rather wild to-do list that sends her on a whirlwind and surprising journey of self-discovery, friendship, and new love. Comedy Romance LucyHale LeonidasGulaptis MindyCohn JackieCruz AdhirKalyan ChrisRiedell NickRiedell"
608195,Ghosts of War,A group of World War II American soldiers encounter a supernatural enemy as they occupy a French castle previously under Nazi control. Horror Thriller War Fantasy BrentonThwaites TheoRossi SkylarAstin KyleGallner AlanRitchson EricBress
583083,The Kissing Booth 2,"With college decisions looming, Elle juggles her long-distance romance with Noah, changing relationship with bestie Lee and feelings for a new classmate. Comedy Romance JoeyKing JacobElordi JoelCourtney MollyRingwald TaylorZakharPerez VinceMarcello"
587496,The Rental,"Two couples on an oceanside getaway grow suspicious that the host of their seemingly perfect rental house may be spying on them. Before long, what should have been a celebratory weekend trip turns into something far more sinister. Horror Mystery Thriller DanStevens AlisonBrie SheilaVand JeremyAllenWhite TobyHuss DaveFranco"
719643,Black Is King,"This visual album from Beyoncé reimagines the lessons of ""The Lion King"" (2019) for today’s young kings and queens in search of their own crowns. Music Beyoncé AdutAkech NaomiCampbell BlueIvyCarter ConnieChiume Beyoncé BlitzBazawule DikaylRimmasch JennNkiru JakeNava PierreDebusschere IbraAke EmmanuelAdjei"
550231,The Secret: Dare to Dream,"A widow with three children hires a handyman to fix her house during a major storm. When not doing home repairs, he shares his philosophy of believing in the power of the universe to deliver what we want. Drama Romance KatieHolmes JoshLucas JerryO'Connell CeliaWeston SarahHoffmeister AndyTennant"
523977,Summerland,A woman during the Second World War opens her heart to an evacuee after initially resolving to be rid of him. Drama Romance GemmaArterton GuguMbatha-Raw LucasBond PenelopeWilton TomCourtenay JessicaSwale
664297,She Dies Tomorrow,"Amy is ravaged by the notion that she is going to die tomorrow, which sends her down a dizzying emotional spiral. When her skeptical friend Jane discovers Amy’s feeling of imminent death to be contagious, they both begin bizarre journeys through what might be the last day of their lives. Drama KateLynSheil JaneAdams KentuckerAudley KatieAselton ChrisMessina AmySeimetz"
628917,An American Pickle,"An immigrant worker at a pickle factory is accidentally preserved for 100 years and wakes up in modern day Brooklyn. He learns his only surviving relative is his great grandson, a computer coder who he can’t connect with. Comedy Drama SethRogen SarahSnook MollyEvensen EliotGlazer KalenAllen BrandonTrost"
531499,The Tax Collector,David Cuevas is a family man who works as a gangland tax collector for high ranking Los Angeles gang members. He makes collections across the city with his partner Creeper making sure people pay up or will see retaliation. An old threat returns to Los Angeles that puts everything David loves in harm’s way. Action Crime Drama BobbySoto CinthyaCarmona GeorgeLopez ElpidiaCarrillo ShiaLaBeouf DavidAyer
605116,Project Power,"An ex-soldier, a teen and a cop collide in New Orleans as they hunt for the source behind a dangerous new pill that grants users temporary superpowers. Action Crime Science Fiction JamieFoxx JosephGordon-Levitt DominiqueFishback RodrigoSantoro CourtneyB.Vance HenryJoost ArielSchulman"
454433,Magic Camp,"Andy, at the urging of his former mentor and Magic Camp owner Roy Preston, returns to the camp of his youth hoping to reignite his career. Instead, he finds inspiration in his ragtag bunch of rookie magicians. Family Fantasy Comedy AdamDevine JeffreyTambor GillianJacobs NathanielLoganMcIntyre ColeSand MarkWaters"
653598,Spree,"Desperate for an online following, a rideshare driver has figured out a deadly plan to go viral and he will stop at nothing to get his five minutes of fame. Comedy Crime Horror JoeKeery SasheerZamata DavidArquette KyleMooney MischaBarton EugeneKotlyarenko"
653723,Boys State,"In an unusual experiment, a thousand 17-year-old boys from Texas join together to build a representative government from the ground up. Documentary BenFeinstein StevenGarza RobertMacDougall RenéOtero EddyProiettiConti JesseMoss AmandaMcBaine"
508570,The One and Only Ivan,"A gorilla named Ivan who’s living in a suburban shopping mall tries to piece together his past, with the help of other animals, as they hatch a plan to escape from captivity. Family Comedy Drama BryanCranston SamRockwell AngelinaJolie DannyDeVito HelenMirren TheaSharrock"
625568,Unhinged,"Rachel is a divorced single mother whose bad day gets even worse. She's running late to drop her son off at school when she honks her horn impatiently at a fellow driver during rush-hour traffic. After an exchange of words, she soon realizes that the mysterious man is following her and her young son in his truck. A case of road rage quickly escalates, at horrifyingly psychotic proportions, into full-blown terror as Rachel discovers the psychopath's sinister plan for revenge. He is single-mindedly determined to teach her a deadly lesson. Action Thriller RussellCrowe CarenPistorius GabrielBateman JimmiSimpson AustinP.McKenzie DerrickBorte"
517412,Tesla,"The story of the Promethean struggles of Nikola Tesla, as he attempts to transcend entrenched technology—including his own previous work—by pioneering a system of wireless energy that would change the world. History Drama EthanHawke EveHewson JimGaffigan KyleMacLachlan DonnieKeshawarz MichaelAlmereyda"
493065,Cut Throat City,"Four boyhood friends return to New Orleans’ Lower Ninth Ward after Hurricane Katrina, to find their home decimated and prospects for work swept away. Turning to a local gangster for employment, the crew is hired to pull off a daring casino heist, right in the heart of the city. Action Crime Drama Thriller ShameikMoore DemetriusShippJr. DenzelWhitaker KeeanJohnson KatGraham RZA"
523781,Words on Bathroom Walls,"Diagnosed with a mental illness halfway through his senior year of high school, a witty, introspective teen struggles to keep it a secret while falling in love with a brilliant classmate who inspires him to open his heart and not be defined by his condition. Drama Romance CharliePlummer MollyParker WaltonGoggins AndyGarcía TaylorRussell ThorFreudenthal"
724989,Hard Kill,"The work of billionaire tech CEO Donovan Chalmers is so valuable that he hires mercenaries to protect it, and a terrorist group kidnaps his daughter just to get it. Action Thriller BruceWillis JesseMetcalfe NatalieEvaMarie LalaKent TexasBattle MattEskandari"
621013,Chemical Hearts,"When a hopelessly romantic high school senior falls for a mysterious new classmate, it sets them both on an unexpected journey that teaches them about love, loss, and most importantly themselves. Drama Romance AustinAbrams LiliReinhart SarahJones BruceAltman AdhirKalyan RichardTanne"
501979,Bill & Ted Face the Music,"Yet to fulfil their rock and roll destiny, the now middle-aged best friends Bill and Ted set out on a new adventure when a visitor from the future warns them that only their song can save life as we know it. Along the way, they are helped by their daughters, a new batch of historical figures and a few music legends — to seek the song that will set their world right and bring harmony to the universe. Comedy Science Fiction Adventure KeanuReeves AlexWinter KristenSchaal SamaraWeaving BrigetteLundy-Paine DeanParisot"
340102,The New Mutants,"Five young mutants, just discovering their abilities while held in a secret facility against their will, fight to escape their past sins and save themselves. Science Fiction Horror Action Mystery Adventure BluHunt MaisieWilliams AnyaTaylor-Joy CharlieHeaton HenryZaga JoshBoone"
500840,I'm Thinking of Ending Things,Nothing is as it seems when a woman experiencing misgivings about her new boyfriend joins him on a road trip to meet his parents at their remote farm. Drama Fantasy Mystery Thriller JessePlemons JessieBuckley ToniCollette DavidThewlis GuyBoyd CharlieKaufman
594328,Phineas and Ferb: The Movie: Candace Against the Universe,"Phineas and Ferb travel across the galaxy to rescue their older sister Candace, who has been abducted by aliens and taken to a utopia in a far-off planet, free of her pesky little brothers. Family Animation Science Fiction Comedy TV Movie AshleyTisdale VincentMartella DavidErrigoJr. DanPovenmire OliviaOlson BobBowen"
615466,All Together Now,"An optimistic, talented teen clings to a huge secret: she's homeless and living on a school bus. When tragedy strikes, can she learn to accept a helping hand? Drama Auli'iCravalho RhenzyFeliz JustinaMachado JudyReyes AnthonyJacques BrettHaley"
718444,Rogue,"Battle-hardened O’Hara leads a lively mercenary team of soldiers on a daring mission: rescue hostages from their captors in remote Africa. But as the mission goes awry and the team is stranded, O’Hara’s squad must face a bloody, brutal encounter with a gang of rebels. Action Adventure MeganFox PhilipWinchester GregKriek BrandonAuret JessicaSutton M.J.Bassett"
680028,Centigrade,"A young American couple travel to the arctic mountains of Norway. After pulling over during a snowstorm, they wake up trapped in their SUV, buried underneath layers of snow and ice. Thriller GénesisRodríguez VincentPiazza BenjaminSokolow EmilyBayiokos BrendanWalsh"
520318,Fatima,"In 1917, outside the parish of Fátima, Portugal, a 10-year-old girl and her two younger cousins witness multiple visitations of the Virgin Mary, who tells them that only prayer and suffering will bring an end to World War I. As secularist government officials and Church leaders try to force the children to recant their story, word of the sighting spreads across the country, inspiring religious pilgrims to flock to the site in hopes of witnessing a miracle.. Drama HarveyKeitel SôniaBraga GoranVisnjic JoaquimdeAlmeida LúciaMoniz MarcoPontecorvo"
577922,Tenet,"Armed with only one word - Tenet - and fighting for the survival of the entire world, the Protagonist journeys through a twilight world of international espionage on a mission that will unfold in something beyond real time. Action Thriller Science Fiction JohnDavidWashington RobertPattinson ElizabethDebicki KennethBranagh DimpleKapadia ChristopherNolan"
644090,"Love, Guaranteed",A lawyer takes on a new client that wants to sue a dating website because it guarantees love. Romance Comedy RachaelLeighCook DamonWayansJr. HeatherGraham CaitlinHowden BrendanTaylor MarkStevenJohnson
337401,Mulan,"When the Emperor of China issues a decree that one man per family must serve in the Imperial Chinese Army to defend the country from Huns, Hua Mulan, the eldest daughter of an honored warrior, steps in to take the place of her ailing father. She is spirited, determined and quick on her feet. Disguised as a man by the name of Hua Jun, she is tested every step of the way and must harness her innermost strength and embrace her true potential. Adventure Fantasy Drama Action LiuYifei DonnieYen GongLi JetLi JasonScottLee NikiCaro"
665877,Critical Thinking,"Based on a true story from 1998, five Latino and Black teenagers from the toughest underserved ghetto in Miami fight their way into the National Chess Championship under the guidance of their unconventional but inspirational teacher. Drama JohnLeguizamo RachelBayJones MichaelKennethWilliams CorwinC.Tuggles JorgeLendeborgJr. JohnLeguizamo"
659986,The Owners,"A group of friends think they found the perfect easy score - an empty house with a safe full of cash. But when the elderly couple that lives there comes home early, the tables are suddenly turned. As a deadly game of cat and mouse ensues, the would-be thieves must fight to save themselves from a nightmare they could never have imagined. Horror Mystery Thriller MaisieWilliams SylvesterMcCoy RitaTushingham JakeCurran AndrewEllis JuliusBerg"
594084,Guest House,"A newly engaged couple finds the home of their dreams and it quickly becomes a nightmare when the previous owner's friend continues squatting in their guest house. It leads to a turf war that ultimately ruins their house, their marriage and their lives. Comedy PaulyShore AimeeTeegarden MikeCastle Steve-O BillyZane SamMacaroni"
623491,The Babysitter: Killer Queen,"Two years after defeating a satanic cult led by his babysitter Bee, Cole's trying to forget his past and focus on surviving high school. But when old enemies unexpectedly return, Cole will once again have to outsmart the forces of evil. Comedy Horror JudahLewis SamaraWeaving JennaOrtega EmilyAlynLind AndrewBachelor McG"
632666,Unpregnant,"A 17-year old Missouri teen discovers she has gotten pregnant, a development that threatens to end her dreams of matriculating at an Ivy League college, and the career that could follow. Drama Comedy HaleyLuRichardson BarbieFerreira MaryMcCormack GiancarloEsposito AlexMacNicoll RachelLeeGoldenberg"
499932,The Devil All the Time,"In Knockemstiff, Ohio and its neighboring backwoods, sinister characters converge around young Arvin Russell as he fights the evil forces that threaten him and his family. Crime Drama Thriller TomHolland BillSkarsgård RileyKeough JasonClarke SebastianStan AntonioCampos"
616251,The Broken Hearts Gallery,"Lucy is a young gallery assistant who collects mementos from her relationships. She discovers that she must let go of her past to move forward, and comes up with a lovely, artistic way to help herself and others who have suffered heartbreak. Comedy Romance GeraldineViswanathan DacreMontgomery UtkarshAmbudkar MollyGordon PhillipaSoo NatalieKrinsky"
611114,I Met a Girl,"An impulsive musician struggling with schizophrenia falls for a mysterious woman who may be all in his head. When she suddenly vanishes, he takes off on a cross- country journey across Australia to find her, forcing his long-suffering brother to try to rescue him. Romance Drama Comedy BrentonThwaites LilySullivan JoelJackson ZahraNewman AnitaHegh LukeEve"
707408,Rent-A-Pal,"Set in 1990, a lonely bachelor named David searches for an escape from the day-to-day drudgery of caring for his aging mother. While seeking a partner through a video dating service, he discovers a strange VHS tape called Rent-A-Pal. Hosted by the charming and charismatic Andy, the tape offers him much-needed company, compassion, and friendship. But Andy's friendship comes at a cost, and David desperately struggles to afford the price of admission. Horror Thriller BrianLandisFolkins WilWheaton KathleenBrady AmyRutledge AdrianEgolf JonStevenson"
615115,The Secrets We Keep,"In post-World War II America, a woman, rebuilding her life in the suburbs with her husband, kidnaps her neighbor and seeks vengeance for the heinous war crimes she believes he committed against her. Thriller History Drama NoomiRapace JoelKinnaman ChrisMessina AmySeimetz VictoriaHill YuvalAdler"
627290,Antebellum,Successful author Veronica finds herself trapped in a horrifying reality and must uncover the mind-bending mystery before it's too late. Horror JanelleMonáe EricLange JenaMalone JackHuston KierseyClemons GerardBush ChristopherRenz
545237,The Nest,"Rory is an ambitious entrepreneur who brings his American wife and kids to his native country, England, to explore new business opportunities. After abandoning the sanctuary of their safe American suburban surroundings, the family is plunged into the despair of an archaic '80s Britain and their unaffordable new life in an English manor house threatens to destroy the family. Drama JudeLaw CarrieCoon OonaRoche CharlieShotwell TanyaAllen SeanDurkin"
954878,Blackbird,A husband and wife debate the idea of uploading her consciousness to an AI after she's impaired in a severe car accident. Science Fiction SarahEast ChrisPetty RebekahLynnDow MikeThompson
479259,Lost Girls & Love Hotels,"Searching for escape in Tokyo's back alleys, a haunted English teacher explores love and lust with a dashing Yakuza, as their tumultuous affair takes her on a journey through the city's dive bars and three-hour love hotels. Drama AlexandraDaddario TakehiroHira CaricevanHouten DashaTeranishi MarikoTsutsui WilliamOlsson"
803708,Killian & the Comeback Kids,"Forced to return to his struggling hometown after an expensive college degree, Killian gathers former childhood friends to audition for a music festival coming to their once prosperous steel town. Drama Music TaylorA.Purdee NathanPurdee KassieDePaiva JohnDonchak ShaneAndries TaylorA.Purdee"
497582,Enola Holmes,"While searching for her missing mother, intrepid teen Enola Holmes uses her sleuthing skills to outsmart big brother Sherlock and help a runaway lord. Adventure Mystery Crime MillieBobbyBrown HenryCavill SamClaflin HelenaBonhamCarter LouisPartridge HarryBradbeer"
556984,The Trial of the Chicago 7,What was supposed to be a peaceful protest turned into a violent clash with the police. What followed was one of the most notorious trials in history. Drama History EddieRedmayne SachaBaronCohen JosephGordon-Levitt MichaelKeaton FrankLangella AaronSorkin
539885,Ava,A black ops assassin is forced to fight for her own survival after a job goes dangerously wrong. Action Thriller Crime JessicaChastain JohnMalkovich Common ColinFarrell GeenaDavis TateTaylor
541305,Kajillionaire,"Two con artists have spent 26 years training their only daughter to swindle, scam and steal at every turn. During a desperate and hastily conceived heist, they charm a stranger into joining them, only to have their entire world turned upside down. Crime Drama Comedy EvanRachelWood DebraWinger GinaRodriguez RichardJenkins PatriciaBelcher MirandaJuly"
653606,The Last Shift,"Stanley, an aging fast food worker, prepares to work his final graveyard shift after 38 years. When he's asked to train his replacement, Jevon, Stanley's weekend takes an unexpected turn. Comedy Drama RichardJenkins ShanePaulMcGhie Da'VineJoyRandolph BirgundiBaker AllisonTolman AndrewCohn"
621870,Secret Society of Second Born Royals,"Sam is a teenage royal rebel, second in line to the throne of the kingdom of Illyria. Just as her disinterest in the royal way of life is at an all-time high, she discovers she has super-human abilities and is invited to join a secret society of similar extraordinary second-born royals charged with keeping the world safe. Action Adventure Comedy Fantasy PeytonElizabethLee AshleyLiao IsabellaBlake-Thomas OliviaDeeble NilesFitch AnnaMastro"
664498,She's In Portland,"Two college friends, now in their thirties, admire each others' lives and feel trapped in their own. Wes, tied to a demanding career and responsibilities to family, extends a work trip to drag his dispirited artist friend Luke to find Luke's ""one that got away."" Drama TommyDewey FrançoisArnaud MinkaKelly JoelleCarter PaigeSpara MarcCarlini"
733156,Sightless,"After an attack renders her blind, Ellen withdraws from the world to recover. But soon she plunges into paranoia, unable to convince anyone that her assailant has returned to terrorize her by hiding in plain sight. Thriller Horror MadelainePetsch AlexanderKoch DecemberEnsminger LeeJones DenizAkdeniz CooperKarl"
597156,The Boys in the Band,"At a birthday party in 1968 New York, a surprise guest and a drunken game leave seven gay friends reckoning with unspoken feelings and buried truths. Drama JimParsons ZacharyQuinto MattBomer AndrewRannells MichaelBenjaminWashington JoeMantello"
519056,The Glorias,"An equal rights crusader, journalist and activist: Gloria Steinem embodies these and more. From her role in the revolutionary women's rights movement to her travels throughout the U.S. and around the world, Steinem has made an everlasting mark on modern history. A nontraditional chronicle of a trailblazing life. Drama JulianneMoore AliciaVikander LuluWilson RyanKieraArmstrong TimothyHutton JulieTaymor"
575417,On the Rocks,"Faced with sudden doubts about her marriage, a young New York mother teams up with her larger-than-life playboy father to tail her husband. Drama Comedy RashidaJones BillMurray MarlonWayans JessicaHenwick JennySlate SofiaCoppola"
604578,Spontaneous,"When students in their high school begin inexplicably exploding (literally), seniors Mara and Dylan struggle to survive in a world where each moment may be their last. Comedy Horror KatherineLangford CharliePlummer YvonneOrji HayleyLaw PiperPerabo BrianDuffield"
567971,Vampires vs. the Bronx,Three gutsy kids from a rapidly gentrifying Bronx neighborhood stumble upon a sinister plot to suck all the life from their beloved community. Comedy Horror JadenMichael GeraldJones GregoryDiazIV SarahGadon MethodMan OzRodriguez
435615,Possessor,"Tasya Vos, an elite corporate assassin, uses brain-implant technology to take control of other people’s bodies to terminate high profile targets. As she sinks deeper into her latest assignment, Vos becomes trapped inside a mind that threatens to obliterate her. Horror Thriller Science Fiction AndreaRiseborough ChristopherAbbott JenniferJasonLeigh SeanBean TuppenceMiddleton BrandonCronenberg"
595149,Death of Me,"A couple on holiday on a remote South Pacific island awaken one morning with a hang over and no recollection of what transpired. When playing back a video of the previous night, they see they participated in a local ritual that somehow ends with him murdering her. Horror Mystery MaggieQ LukeHemsworth AlexEssoe KatIngkarat KellyB.Jones DarrenLynnBousman"
746817,The Call,"In the fall of 1987, a group of small-town friends must survive the night in the home of a sinister couple after a tragic accident occurs. Needing only to make a single phone call, the request seems horribly ordinary until they realize that this call could change their life…or end it. Horror Thriller LinShaye TobinBell ChesterRushing ErinSanders JuddLormand TimothyWoodwardJr."
660982,American Pie Presents: Girls' Rules,"It's Senior year at East Great Falls. Annie, Kayla, Michelle, and Stephanie decide to harness their girl power and band together to get what they want their last year of high school. Comedy MadisonPettis LizzeBroadway PiperCurda NatashaBehnam DarrenBarnet MikeElliott"
716258,Black Box,"After losing his wife and his memory in a car accident, a single father undergoes an experimental treatment that causes him to question who he really is. Horror Science Fiction Thriller MamoudouAthie PhyliciaRashād AmandaChristine TosinMorohunfola CharmaineBingwa EmmanuelOsei-Kuffour,Jr."
617505,Hubie Halloween,"Hubie Dubois, despite his devotion to his hometown of Salem, Massachusetts (and its legendary Halloween celebration), is a figure of mockery for kids and adults alike. But this year, something really is going bump in the night, and it’s up to Hubie to save Halloween. Comedy Mystery Horror AdamSandler KevinJames JulieBowen RayLiotta SteveBuscemi StevenBrill"
715123,Books of Blood,A journey into uncharted and forbidden territory through three tales tangled in space and time. Horror Science Fiction BrittRobertson FredaFohShen NicholasCampbell AnnaFriel RafiGavron BrannonBraga
552532,Charm City Kings,"Mouse desperately wants to join The Midnight Clique, the infamous Baltimore dirt bike riders who rule the summertime streets. When Midnight’s leader, Blax, takes 14-year-old Mouse under his wing, Mouse soon finds himself torn between the straight-and-narrow and a road filled with fast money and violence. Drama JahiDi'AlloWinston MeekMill TeyonahParris WilliamCatlett KeziiCurtis ÁngelManuelSoto"
425001,The War with Grandpa,"Peter is thrilled that his Grandpa is coming to live with his family. That is, until Grandpa moves into Peter's room, forcing him upstairs into the creepy attic. And though he loves his Grandpa, he wants his room back - so he has no choice but to declare war. Comedy Family RobertDeNiro UmaThurman RobRiggle OakesFegley LauraMarano TimHill"
593427,Yellow Rose,"Rose, a 17-year-old Filipino-American teenager from Texas, dreams of becoming a country music icon. She has to fend for herself when her mother is arrested by ICE, and must choose between following her dreams without her mother or leaving her passions behind. Drama Music EvaNoblezada DaleWatson PrincessPunzalan LeaSalonga LiamBooth DianeParagas"
620897,The Forty-Year-Old Version,"Desperate for a breakthrough as she nears the big 4-0, struggling New York City playwright Radha finds inspiration by reinventing herself as a rapper. Comedy Drama Music RadhaBlank PeterY.Kim OswinBenjamin ReedBirney ImaniLewis RadhaBlank"
643550,Nocturne,"Inside the halls of an elite arts academy, a timid music student begins to outshine her more accomplished and outgoing twin sister when she discovers a mysterious notebook belonging to a recently deceased classmate. Horror Mystery Thriller Music SydneySweeney MadisonIseman JacquesColimon IvanShaw JohnRothman ZuQuirke"
732713,Evil Eye,A seemingly perfect romance turns dark when a mother becomes convinced her daughter’s new boyfriend has a sinister connection to her own past. Mystery Thriller Horror SaritaChoudhury SunitaMani OmarMaskati BernardWhite AnjaliBhimani RajeevDassani ElanDassani
624963,A Babysitter's Guide to Monster Hunting,"Recruited by a secret society of babysitters, a high schooler battles the Boogeyman and his monsters when they nab the boy she's watching on Halloween. Family Fantasy Adventure Comedy TamaraSmart OonaLaurence AlessioScalzotto IndyaMoore TomFelton RachelTalalay"
590223,Love and Monsters,"Seven years since the Monsterpocalypse began, Joel Dawson has been living underground in order to survive. But after reconnecting over radio with his high school girlfriend Aimee, Joel decides to venture out to reunite with her, despite all the dangerous monsters that stand in his way. Comedy Action Adventure Fantasy DylanO'Brien JessicaHenwick MichaelRooker DanEwing ArianaGreenblatt MichaelMatthews"
553604,Honest Thief,"A bank robber tries to turn himself in because he's falling in love and wants to live an honest life...but when he realizes the Feds are more corrupt than him, he must fight back to clear his name. Thriller Action Crime Drama LiamNeeson KateWalsh JaiCourtney JeffreyDonovan RobertPatrick MarkWilliams"
630566,Clouds,"Young musician Zach Sobiech discovers his cancer has spread, leaving him just a few months to live. With limited time, he follows his dream and makes an album, unaware that it will soon be a viral music phenomenon. Music Drama Romance FinArgus SabrinaCarpenter MadisonIseman NeveCampbell TomEverettScott JustinBaldoni"
720755,The Kid Detective,"A once-celebrated kid detective, now 31, continues to solve the same trivial mysteries between hangovers and bouts of self-pity. Until a naive client brings him his first 'adult' case, to find out who brutally murdered her boyfriend. Comedy Drama Mystery AdamBrody SophieNélisse TziMa PeterMacNeill MauriceDeanWint EvanMorgan"
509635,Alone,"A recently widowed traveler is kidnapped by a cold blooded killer, only to escape into the wilderness where she is forced to battle against the elements as her pursuer closes in on her. Thriller Horror JulesWillcox MarcMenchaca AnthonyHeald JonathanRosenthal KatieO’Grady JohnHyams"
710356,2 Hearts,"When illness strikes two people who are polar opposites, life and death bring them together in surprising ways. Romance Drama JacobElordi AdanCanto TieraSkovbye RadhaMitchell KariMatchett LanceHool"
664184,The Opening Act,"The film follows Will Chu whose true life passion is to become a stand-up comedian. He is given the opportunity to emcee a comedy show, opening for his hero, Billy G. Chu has to decide if he wants to continue the life he has set up or to pursue his dream, the life of a comedian. Comedy JimmyO.Yang NealBrennan JermaineFowler CedrictheEntertainer AlexMoffat SteveByrne"
670266,Tremors: Shrieker Island,"Graboids are illegally taken to a new island resort by a rich playboy as a dangerous form of trophy hunting, and Burt Gummer steps up to save the day. Action Horror MichaelGross JonHeder CarolineLangrishe CassieClare MatthewDouglas DonMichaelPaul"
531219,Roald Dahl's The Witches,"In late 1967, a young orphaned boy goes to live with his loving grandma in the rural Alabama town of Demopolis. As the boy and his grandmother encounter some deceptively glamorous but thoroughly diabolical witches, she wisely whisks him away to a seaside resort. Regrettably, they arrive at precisely the same time that the world's Grand High Witch has gathered. Family Comedy Fantasy AnneHathaway OctaviaSpencer StanleyTucci JahzirBruno ChrisRock RobertZemeckis"
560050,Over the Moon,"Fueled by memories of her mother, resourceful Fei Fei builds a rocket to the moon on a mission to prove the existence of a legendary moon goddess. Animation Adventure Family Fantasy CathyAng PhillipaSoo RobertG.Chiu KenJeong JohnCho GlenKeane"
740985,Borat Subsequent Moviefilm,"14 years after making a film about his journey across the USA, Borat risks life and limb when he returns to the United States with his young daughter, and reveals more about the culture, the COVID-19 pandemic, and the political elections. Comedy SachaBaronCohen MariaBakalova TomHanks DaniPopescu ManuelVieru JasonWoliner"
613504,After We Collided,Tessa finds herself struggling with her complicated relationship with Hardin; she faces a dilemma that could change their lives forever. Romance Drama JosephineLangford HeroFiennesTiffin DylanSprouse LouiseLombard CharlieWeber RogerKumble
516632,The Empty Man,"Retired cop James Lasombra is asked by a friend to investigate the disappearance of her daughter, who seemingly packed in the night and left an ominous message on the bathroom mirror - ""The Empty Man Made Me Do It."" As he investigates this mysterious figure further, James begins to see and hear strange things, and is forced to come to terms with his past and what it means for his future. Horror Mystery Thriller JamesBadgeDale MarinIreland SashaFrolova SamanthaLogan EvanJonigkeit DavidPrior"
549294,Synchronic,"Two New Orleans paramedics' lives are ripped apart after encountering a series of horrific deaths linked to a designer drug with bizarre, otherworldly effects. Science Fiction Drama Thriller Horror AnthonyMackie JamieDornan KatieAselton AlexiaIoannides RamizMonsef AaronMoorhead JustinBenson"
597605,Bad Hair,Insecure and balding Leo has closed himself in his apartment to try a hair growth liquid for fixing up his looks. As Leo tries to get his bodily changes under control the evening quickly turns into chaos. Horror StenKarpov OskarLehemaa
524840,Friendsgiving,"Newly-divorced actress Molly, her recently-dumped lesbian best friend Abby and Molly’s mother Helen host a dysfunctional, comical and chaotic Thanksgiving dinner for their motley crew of close friends and strange acquaintances. Comedy MalinÅkerman KatDennings JackDonnelly AishaTyler JaneSeymour NicolPaone"
590995,The Craft: Legacy,An eclectic foursome of aspiring teenage witches get more than they bargained for as they lean into their newfound powers. Horror Drama Fantasy CaileeSpaeny LovieSimone GideonAdlon ZoeyLuna MichelleMonaghan ZoeLister-Jones
615665,Holidate,"Fed up with being single on holidays, two strangers agree to be each other's platonic plus-ones all year long, only to catch real feelings along the way. Comedy Romance EmmaRoberts LukeBracey KristinChenoweth FrancesFisher AndrewBachelor JohnWhitesell"
571384,Come Play,"A lonely young boy feels different from everyone else. Desperate for a friend, he seeks solace and refuge in his ever-present cell phone and tablet. When a mysterious creature uses the boy’s devices against him to break into our world, his parents must fight to save their son from the monster beyond the screen. Horror Mystery Thriller GillianJacobs JohnGallagherJr. AzhyRobertson WinslowFegley JaydenMarine JacobChase"
575774,His House,"After making a harrowing escape from war-torn South Sudan, a young refugee couple struggle to adjust to their new life in a small English town that has an unspeakable evil lurking beneath the surface. Horror Thriller SopeDirisu WunmiMosaku MalaikaWakoli-Abigaba MattSmith JavierBotet RemiWeekes"
621151,Spell,"A father survives a plane crash in rural Appalachia, but becomes suspicious of the elderly couple who take him in to nurse him back to health with the ancient remedies. Thriller Horror Fantasy OmariHardwick LorettaDevine JohnBeasley PeterButler LorraineBurroughs MarkTonderai"
556501,Jungleland,"Stanley manages his boxer brother Lion but when a devastating loss in the ring leaves the pair in debt, an opportunity to recoup the cash leads to a series of misadventures that threaten to break the bond between them. Drama CharlieHunnam JackO'Connell JessicaBarden FranKranz JonathanMajors MaxWinkler"
596161,Let Him Go,"Following the loss of their son, a retired sheriff and his wife leave their Montana ranch to rescue their young grandson from the clutches of a dangerous family living off the grid in the Dakotas. Drama Thriller Crime Western DianeLane KevinCostner KayliCarter LesleyManville WillBrittain ThomasBezucha"
680593,The Dark and the Wicked,"On a secluded farm in a nondescript rural town, a man is slowly dying. His family gathers to mourn, and soon a darkness grows, marked by waking nightmares and a growing sense that something evil is taking over the family. Horror Drama Mystery MarinIreland MichaelAbbottJr. XanderBerkeley LynnAndrews JulieOliver-Touchstone BryanBertino"
592984,Hillbilly Elegy,"An urgent phone call pulls a Yale Law student back to his Ohio hometown, where he reflects on three generations of family history and his own future. Drama GabrielBasso AmyAdams GlennClose HaleyBennett FreidaPinto RonHoward"
614560,Mank,1930s Hollywood is reevaluated through the eyes of scathing social critic and alcoholic screenwriter Herman J. Mankiewicz as he races to finish the screenplay of Citizen Kane. Drama History GaryOldman AmandaSeyfried LilyCollins ArlissHoward TomPelphrey DavidFincher
551804,Freaky,"A mystical, ancient dagger causes a notorious serial killer to magically switch bodies with a 17-year-old girl. Comedy Fantasy Horror Thriller VinceVaughn KathrynNewton CelesteO'Connor MishaOsherovich UriahShelton ChristopherLandon"
622855,Jingle Jangle: A Christmas Journey,"An imaginary world comes to life in a holiday tale of an eccentric toymaker, his adventurous granddaughter, and a magical invention that has the power to change their lives forever. Family Fantasy Music ForestWhitaker Keegan-MichaelKey HughBonneville AnikaNoniRose MadalenMills DavidE.Talbert"
602211,Fatman,"A rowdy, unorthodox Santa Claus is fighting to save his declining business. Meanwhile, Billy, a neglected and precocious 12 year old, hires a hit man to kill Santa after receiving a lump of coal in his stocking. Action Comedy Fantasy MelGibson WaltonGoggins MarianneJean-Baptiste ChanceHurstfield SusanneSutchy EshomNelms IanNelms"
667869,The Life Ahead,"In seaside Italy, a Holocaust survivor with a daycare business takes in a 12-year-old street kid who recently robbed her. Drama SophiaLoren IbrahimaGueye RenatoCarpentieri DiegoIosifPirvu MassimilianoRossi EdoardoPonti"
731693,Gripped: Climbing the Killer Pillar,"While bouldering with her friend Jade, gym climber Rose falls for Bret, an experienced outdoorsman. She talks him into taking her - against his better judgment - on a famous, advanced rock-climbing route called ""Killer Pillar."" Disaster strikes when Bret falls and suffers a serious head injury and torn shoulder, leaving it up to Rose to save them both. Action Adventure KaiwiLyman MeganHensley AmandaMaddox BryceWissel NatalieDuran BenjaminGalland"
682377,Chick Fight,"When Anna Wyncomb is introduced to an underground, all-female fight club in order to turn the mess of her life around, she discovers she is much more personally connected to the history of the club than she could ever imagine. Action Comedy MalinÅkerman BellaThorne AlecBaldwin DulcéSloan FortuneFeimster PaulLeyden"
643882,The Princess Switch: Switched Again,"When Duchess Margaret unexpectedly inherits the throne & hits a rough patch with Kevin, it’s up to Stacy to save the day before a new lookalike — party girl Fiona — foils their plans. Family Romance Comedy VanessaHudgens SamPalladio NickSagar SuanneBraun MarkFleischmann MikeRohl"
546121,Run,"Chloe, a teenager who is confined to a wheelchair, is homeschooled by her mother, Diane. Chloe soon becomes suspicious of her mother and begins to suspect that she may be harboring a dark secret. Thriller Horror Drama SarahPaulson KieraAllen PatHealy SaraSohn ErikAthavale AneeshChaganty"
502033,Sound of Metal,"Metal drummer Ruben begins to lose his hearing. When a doctor tells him his condition will worsen, he thinks his career and life is over. His girlfriend Lou checks the former addict into a rehab for the deaf hoping it will prevent a relapse and help him adapt to his new life. After being welcomed and accepted just as he is, Ruben must choose between his new normal and the life he once knew. Drama Music RizAhmed OliviaCooke PaulRaci LaurenRidloff MathieuAmalric DariusMarder"
590706,Jiu Jitsu,"Every six years, an ancient order of jiu-jitsu fighters joins forces to battle a vicious race of alien invaders. But when a celebrated war hero goes down in defeat, the fate of the planet and mankind hangs in the balance. Action Science Fiction Fantasy AlainMoussi TonyJaa JuJuChan EddieSteeples NicolasCage DimitriLogothetis"
529203,The Croods: A New Age,"Searching for a safer habitat, the prehistoric Crood family discovers an idyllic, walled-in paradise that meets all of its needs. Unfortunately, they must also learn to live with the Bettermans -- a family that's a couple of steps above the Croods on the evolutionary ladder. As tensions between the new neighbors start to rise, a new threat soon propels both clans on an epic adventure that forces them to embrace their differences, draw strength from one another, and survive together. Animation Family Adventure Fantasy Comedy NicolasCage EmmaStone RyanReynolds CatherineKeener ClorisLeachman JoelCrawford"
520172,Happiest Season,A young woman's plans to propose to her girlfriend while at her family's annual holiday party are upended when she discovers her partner hasn't yet come out to her conservative parents. Romance Comedy KristenStewart MackenzieDavis AlisonBrie AubreyPlaza DanLevy CleaDuVall
615667,Ma Rainey's Black Bottom,Tensions rise when the trailblazing Mother of the Blues and her band gather at a Chicago recording studio in 1927. Adapted from August Wilson's play. Drama Music ChadwickBoseman ViolaDavis GlynnTurman ColmanDomingo MichaelPotts GeorgeC.Wolfe
654028,The Christmas Chronicles: Part Two,"Kate Pierce is reluctantly spending Christmas with her mom’s new boyfriend and his son Jack. But when the North Pole and Christmas are threatened to be destroyed, Kate and Jack are unexpectedly pulled into a new adventure with Santa Claus. Family Fantasy Adventure Comedy KurtRussell GoldieHawn DarbyCamp JulianDennison JahzirBruno ChrisColumbus"
634544,Uncle Frank,"In 1973, when Frank Bledsoe and his 18-year-old niece Beth take a road trip from Manhattan to Creekville, South Carolina for the family patriarch's funeral, they're unexpectedly joined by Frank's lover Walid. Drama PaulBettany SophiaLillis PeterMacdissi SteveZahn JudyGreer AlanBall"
768141,Folklore: The Long Pond Studio Sessions,"An intimate concert film, in which Taylor Swift performs each song from her album 'folklore' in order, as she reveals the meaning and the stories behind all 17 tracks for the very first time. Music Documentary TaylorSwift JackAntonoff AaronDessner JustinVernon TaylorSwift"
521007,Superintelligence,"When an all-powerful Superintelligence chooses to study the most average person on Earth, Carol Peters, the fate of the world hangs in the balance. As the A.I. decides to enslave, save or destroy humanity, it’s up to Carol to prove that people are worth saving. Comedy Science Fiction Romance MelissaMcCarthy JamesCorden BobbyCannavale BrianTyreeHenry SamRichardson BenFalcone"
447362,Life in a Year,"A 17 year old finds out that his girlfriend is dying, so he sets out to give her an entire life, in the last year she has left. Drama Romance JadenSmith CaraDelevingne CubaGoodingJr. ChrisD'Elia JTNeal MitjaOkorn"
526702,Black Beauty,"Born free in the American West, Black Beauty is a horse rounded up and brought to Birtwick Stables, where she meets spirited teenager Jo Green. The two forge a bond that carries Beauty through the different chapters, challenges and adventures. Drama KateWinslet MackenzieFoy IainGlen CalamLynch ClaireForlani AshleyAvis"
611213,The Prom,"After the PTA of a conservative high school in Indiana bans same-sex couples from attending the annual prom, a gang of flamboyant Broadway stars try to boost their image by showing up to support two lesbian students. Romance Comedy MerylStreep JamesCorden NicoleKidman KerryWashington Keegan-MichaelKey RyanMurphy"
632322,All My Life,"It was a chance meeting started by one of Sol’s friends trying to chat up Jennifer. However, in the end, it was those two who hit it off. Sol enjoyed Jen’s smile, her effort, and how silly she could be. Jen enjoyed Sol’s cooking, his athleticism, and that he would join her in fun moments. As you can imagine, love bloomed, and things got serious. Jen’s investment in Sol led to her pushing him to follow his dreams and even move in to save money. Sol’s investment in Jen well, it led to him proposing. But what started as a liver tumor grew into full-on cancer, so with a diagnosis of 6 months to live, Sol and Jennifer try to make the best of it. Romance Drama JessicaRothe HarryShumJr. MichaelMasini ChrissieFit GregVrotsos MarcMeyers"
662546,Godmothered,"A young and unskilled fairy godmother that ventures out on her own to prove her worth by tracking down a young girl whose request for help was ignored. What she discovers is that the girl has now become a grown woman in need of something very different than a ""prince charming."" Family Fantasy Comedy JillianBell IslaFisher SantiagoCabrera MaryElizabethEllis JaneCurtin SharonMaguire"
652962,Half Brothers,"A story about the complex connection with a brother who is based in Mexico, meant to be a metaphor of the relationship between neighboring countries America and Mexico. Comedy Drama JoséZúñiga LuisGerardoMéndez VincentSpano AlmaSisneros ShiraScottAstrof LukeGreenfield"
646593,Wander,"After getting hired to probe a suspicious death in the small town of Wander, a mentally unstable private investigator becomes convinced the case is linked to the same 'conspiracy cover up' that caused the death of his daughter. Thriller Crime Mystery AaronEckhart KatherynWinnick HeatherGraham TommyLeeJones RaymondCruz AprilMullen"
624788,Black Bear,"At a remote lake house in the Adirondack Mountains, a couple entertains an out-of-town guest looking for inspiration in her filmmaking. The group quickly falls into a calculated game of desire, manipulation, and jealousy, unaware of how dangerously intertwined their lives will soon become. Drama Thriller AubreyPlaza ChristopherAbbott SarahGadon PaolaLázaro GranthamColeman LawrenceMichaelLevine"
623856,Let Them All Talk,A celebrated author takes a journey with some old friends to have some fun and heal old wounds. Her nephew comes along to wrangle the ladies and finds himself involved with a young literary agent. Comedy Drama MerylStreep LucasHedges GemmaChan DianneWiest CandiceBergen StevenSoderbergh
614911,The Midnight Sky,A lone scientist in the Arctic races to contact a crew of astronauts returning home to a mysterious global catastrophe. Science Fiction Drama GeorgeClooney FelicityJones DavidOyelowo CaoilinnSpringall KyleChandler GeorgeClooney
721625,Songbird,"During a pandemic lockdown, Nico, a young man with rare immunity, must overcome martial law, murderous vigilantes and a powerful family to reunite with his love, Sara. Thriller Romance Drama Mystery K.J.Apa SofiaCarson CraigRobinson BradleyWhitford PeterStormare AdamMason"
628333,Wild Mountain Thyme,"Headstrong farmer Rosemary Muldoon has her heart set on winning her neighbour Anthony Reilly's love. The problem is, Anthony seems to have inherited a family curse, and remains oblivious to his beautiful admirer. Stung by his father's plans to sell the family farm to his American nephew, Anthony is jolted into pursuing his dreams. Romance Drama EmilyBlunt JamieDornan JonHamm ChristopherWalken DearbhlaMolloy JohnPatrickShanley"
727306,Safety,"The story of Ray-Ray McElrathbey, a freshman football player for Clemson University, who secretly raised his younger brother on campus after his home life became too unsteady. Family Drama History JayReeves AmandaWarren CorinneFoxx MatthewGlave LukeTennie ReginaldHudlin"
540023,Wander Darkly,New parents Adrienne and Matteo are forced to reckon with trauma amidst their troubled relationship. They must revisit the memories of their past and unravel haunting truths in order to face their uncertain future. Romance Drama SiennaMiller DiegoLuna BethGrant BrettRice VanessaBayer TaraMiele
643612,I'm Your Woman,"A woman is forced to go on the run after her husband betrays his partners, sending her and her baby on a dangerous journey. Crime Drama RachelBrosnahan MarshaStephanieBlake ArinzéKene BillHeck FrankieFaison JuliaHart"
633908,The Stand In,"When ordered to serve a year in rehab, actress Candy hires her on-set stand-in to take her place. The unassuming woman flips the script and steals her identity, career and boyfriend in this hilarious comedy about trading places. Comedy DrewBarrymore MichaelZegen T.J.Miller HollandTaylor MichelleButeau JamieBabbit"
727097,Archenemy,"Max Fist claims he’s a hero from another dimension who has somehow landed on Earth and been stripped of his powers. Instead of treating him like a powerful champion, no one believes Max’s claims — except for a teenager named Hamster and his sister Indigo. The siblings convince Max to help them take out a local drug gang, where Max’s abilities are put to a violent and harrowing test. Action Thriller Crime Science Fiction JoeManganiello SkylanBrooks ZoleeGriggs PaulScheer AmySeimetz AdamEgyptMortimer"
653665,Farewell Amor,"Reunited after a 17-year separation, Walter, an Angolan immigrant, is joined in the U.S. by his wife and teenage daughter. Now absolute strangers sharing a one-bedroom apartment, they discover a shared love of dance that may help overcome the emotional distance between them. Romance Drama NtareGumaMbahoMwine ZainabJah JaymeLawson JoieLee MarcusScribner EkwaMsangi"
458576,Monster Hunter,"A portal transports Cpt. Artemis and an elite unit of soldiers to a strange world where powerful monsters rule with deadly ferocity. Faced with relentless danger, the team encounters a mysterious hunter who may be their only hope to find a way home. Action Fantasy Adventure MillaJovovich TonyJaa RonPerlman T.I. DiegoBoneta PaulW.S.Anderson"
524047,Greenland,"John Garrity, his estranged wife and their young son embark on a perilous journey to find sanctuary as a planet-killing comet hurtles toward Earth. Amid terrifying accounts of cities getting levelled, the Garritys experience the best and worst in humanity. As the countdown to the global apocalypse approaches zero, their incredible trek culminates in a desperate and last-minute flight to a possible safe haven. Action Thriller Drama GerardButler MorenaBaccarin DavidDenman HopeDavis RogerDaleFloyd RicRomanWaugh"
549514,Fatale,"After a one-night stand, a successful married man finds himself entangled and tricked in a female detective's latest investigation murder scheme. Drama Thriller MichaelEaly HilarySwank MikeColter DamarisLewis GeoffreyOwens DeonTaylor"
560144,Skylines,"When a virus threatens to turn the now earth-dwelling friendly alien hybrids against humans, Captain Rose Corley must lead a team of elite mercenaries on a mission to the alien world in order to save what's left of humanity. Science Fiction Action LindseyMorgan AlexanderSiddig RhonaMitra DanielBernhardt YayanRuhian LiamO'Donnell"
759902,Hunter Hunter,"A fur trapper leaves his wife and daughter behind to kill a rogue wolf in the remote wilderness, but they soon become increasingly worried when their peaceful existence is disrupted. Horror Thriller Mystery CamilleSullivan SummerH.Howell DevonSawa NickStahl GabrielDaniels ShawnLinden"
651571,Breach,"A hardened mechanic must stay awake and maintain an interstellar ark fleeing the dying planet Earth with a few thousand lucky souls on board... the last of humanity. Unfortunately, humans are not the only passengers. A shapeshifting alien creature has taken residence, its only goal is to kill as many people as possible. The crew must think quickly to stop this menace before it destroys mankind. Science Fiction Action Horror BruceWillis ThomasJane CodyKearsley RachelNichols KassandraClementi JohnSuits"
774372,"ariana grande: excuse me, i love you",Ariana Grande takes the stage in London for her Sweetener World Tour and shares a behind-the-scenes look at her life in rehearsal and on the road. Music Documentary ArianaGrande ScottNicholson BrianNicholson JoesarAlva CoryGraves PaulDugdale
584288,Sylvie's Love,"When a young woman meets an aspiring saxophonist in her father’s record shop in 1950s Harlem, their love ignites a sweeping romance that transcends changing times, geography, and professional success. Romance Drama TessaThompson NnamdiAsomugha AjaNaomiKing JemimaKirke ToneBell EugeneAshe"
464052,Wonder Woman 1984,A botched store robbery places Wonder Woman in a global battle against a powerful and mysterious ancient force that puts her powers in jeopardy. Action Adventure Fantasy GalGadot ChrisPine KristenWiig PedroPascal RobinWright PattyJenkins
508442,Soul,"Joe Gardner is a middle school teacher with a love for jazz music. After a successful audition at the Half Note Club, he suddenly gets into an accident that separates his soul from his body and is transported to the You Seminar, a center in which souls develop and gain passions before being transported to a newborn child. Joe must enlist help from the other souls-in-training, like 22, a soul who has spent eons in the You Seminar, in order to get back to Earth. Animation Family Comedy Fantasy Drama JamieFoxx TinaFey GrahamNorton RachelHouse AliceBraga PeteDocter"
615677,We Can Be Heroes,"When alien invaders capture Earth's superheroes, their kids must learn to work together to save their parents - and the planet. Family Action Fantasy Comedy YaYaGosselin LyonDaniels AndyWalken HalaFinley LotusBlossom RobertRodriguez"
581032,News of the World,"A Texan traveling across the wild West bringing the news of the world to local townspeople, agrees to help rescue a young girl who was kidnapped. Drama Western Adventure TomHanks HelenaZengel MichaelAngeloCovino RayMcKinnon MareWinningham PaulGreengrass"
661914,One Night in Miami...,"In the aftermath of Cassius Clay's defeat of Sonny Liston in 1964, the boxer meets with Malcolm X, Sam Cooke and Jim Brown to change the course of history in the segregated South. Drama KingsleyBen-Adir EliGoree AldisHodge LeslieOdomJr. JoaquinaKalukango ReginaKing"
582014,Promising Young Woman,"A young woman, traumatized by a tragic event in her past, seeks out vengeance against those who crossed her path. Thriller Crime Drama CareyMulligan BoBurnham AlisonBrie ClancyBrown JenniferCoolidge EmeraldFennell"
641662,Pieces of a Woman,"When a young mother's home birth ends in unfathomable tragedy, she begins a year-long odyssey of mourning that fractures relationships with loved ones in this deeply personal story of a woman learning to live alongside her loss. Drama VanessaKirby ShiaLaBeouf EllenBurstyn SarahSnook IlizaShlesinger KornélMundruczó"
